"","V1","preds","genes","ModelID","StrippedCellLineName","LN_IC50"
"1",5867,0.7374515,"MDM2","ACH-000439","ME1",4.775861
"2",10567,0.74499375,"MDM2","ACH-000789","NCIH810",5.386641
"3",15267,0.72002447,"MDM2","ACH-000399","NCIH2196",5.877661
"4",50517,0.8569883,"MDM2","ACH-000061","HH",5.909024
"5",62267,0.791125,"MDM2","ACH-000225","ECC12",5.160868
"6",74017,0.74926275,"MDM2","ACH-000733","NCIH1838",6.589997
"7",88117,0.65486574,"MDM2","ACH-000135","HS940T",5.369369
"8",92817,0.56367344,"MDM2","ACH-000818","BT483",6.792112
"9",109267,0.814364,"MDM2","ACH-000197","TALL1",3.389694
"10",111617,0.81635934,"MDM2","ACH-000930","HCC1569",4.529208
"11",144517,0.61921245,"MDM2","ACH-000129","NCIH1341",5.552733
"12",146867,0.77621484,"MDM2","ACH-000530","DMS114",4.605144
"13",149217,0.8264567,"MDM2","ACH-000744","NCIH1623",5.86891
"14",151567,0.616289,"MDM2","ACH-000538","HUTU80",0.269604
"15",170367,0.7849493,"MDM2","ACH-000177","NCIH660",4.923241
"16",193867,0.79039526,"MDM2","ACH-000691","HCC2157",4.528481
"17",212667,0.6018559,"MDM2","ACH-000384","SW780",3.57532
"18",215017,0.6798222,"MDM2","ACH-001106","KOPN8",1.924485
"19",222067,0.5162808,"MDM2","ACH-000046","ACHN",1.698458
"20",224417,0.5029054,"MDM2","ACH-000640","SKMEL31",2.409826
"21",233817,0.86700064,"MDM2","ACH-000117","EFM192A",5.611971
"22",250267,0.7591096,"MDM2","ACH-000508","CORL88",6.125816
"23",264367,0.8347102,"MDM2","ACH-000380","KMS12BM",3.554201
"24",266717,0.76787686,"MDM2","ACH-000443","OVKATE",8.522185
"25",271417,0.5402652,"MDM2","ACH-000674","NUGC4",5.288565
"26",285517,0.75365597,"MDM2","ACH-000918","MOLT16",0.119305
"27",290217,0.7344481,"MDM2","ACH-000301","LAMA84",3.261953
"28",294917,0.81644326,"MDM2","ACH-000186","NCIH2444",6.721155
"29",299617,0.76971674,"MDM2","ACH-000298","NCIH2029",5.764356
"30",304317,0.83237314,"MDM2","ACH-000729","NCIH1963",4.620889
"31",306667,0.64817715,"MDM2","ACH-000267","HDLM2",4.508062
"32",313717,0.7908391,"MDM2","ACH-000193","KARPAS620",4.388081
"33",320767,0.78871334,"MDM2","ACH-000610","NCIH2227",6.3135
"34",339567,0.5581186,"MDM2","ACH-000349","HCC1500",2.454581
"35",367767,0.6461725,"MDM2","ACH-000423","SKMEL3",4.821361
"36",370117,0.76678044,"MDM2","ACH-000282","NCIH1755",5.403792
"37",391267,0.8321181,"MDM2","ACH-000703","DMS79",5.270711
"38",395967,0.56517243,"MDM2","ACH-000786","DAUDI",2.264
"39",398317,0.5118189,"MDM2","ACH-000892","NCIH1563",3.941748
"40",424167,0.77723473,"MDM2","ACH-000104","LOUCY",2.9279
"41",426517,0.7281501,"MDM2","ACH-000121","NCIH2405",8.050381
"42",445317,0.4915264,"MDM2","ACH-000008","A101D",2.31233
"43",450017,0.74900514,"MDM2","ACH-000171","VMRCRCZ",7.994895
"44",454717,0.8157299,"MDM2","ACH-000603","BEN",5.476161
"45",457067,0.51559585,"MDM2","ACH-000201","A204",2.904021
"46",461767,0.7212681,"MDM2","ACH-000940","AN3CA",4.166901
"47",482917,0.83049554,"MDM2","ACH-000482","RERFLCKJ",4.863264
"48",511117,0.73905694,"MDM2","ACH-000743","CORL95",5.530185
"49",544017,0.44764644,"MDM2","ACH-000730","SKMEL5",5.266622
"50",546367,0.80151325,"MDM2","ACH-000611","SUDHL6",2.729147
"51",560467,0.690606,"MDM2","ACH-000236","SW1417",9.372174
"52",586317,0.714505,"MDM2","ACH-000670","SBC5",4.481555
"53",593367,0.85940236,"MDM2","ACH-000347","QGP1",5.6029
"54",602767,0.86576504,"MDM2","ACH-000951","NCIH2342",6.784446
"55",612167,0.5407735,"MDM2","ACH-000065","OCIAML5",0.384555
"56",619217,0.89017844,"MDM2","ACH-000353","TE15",5.189398
"57",623917,0.7688937,"MDM2","ACH-000989","SNU175",1.508715
"58",630967,0.81016403,"MDM2","ACH-000751","OCIM1",4.186952
"59",638017,0.31845516,"MDM2","ACH-000750","LOXIMVI",1.774762
"60",645067,0.7879872,"MDM2","ACH-000394","NCIH2081",5.272982
"61",673267,0.82455957,"MDM2","ACH-000679","OE19",5.269435
"62",677967,0.7558508,"MDM2","ACH-000379","NCIH1781",5.331713
"63",680317,0.7354852,"MDM2","ACH-000020","MHHCALL2",2.184496
"64",682667,0.7413358,"MDM2","ACH-001086","HELA",4.049319
"65",689717,0.7511781,"MDM2","ACH-000162","GA10",4.28439
"66",699117,0.5860157,"MDM2","ACH-000432","BV173",0.182611
"67",703817,0.80911416,"MDM2","ACH-000636","RPMI8402",3.247442
"68",708517,0.31747687,"MDM2","ACH-000644","COLO829",5.861853
"69",713217,0.66191816,"MDM2","ACH-000780","NCIH1105",5.391396
"70",722617,0.7645966,"MDM2","ACH-000560","ECC10",4.894571
"71",729667,0.62500805,"MDM2","ACH-000999","SNU1040",4.913565
"72",743767,0.90269625,"MDM2","ACH-000245","BL41",3.533203
"73",753167,0.63038063,"MDM2","ACH-000949","TGBC11TKB",6.343887
"74",762567,0.82151014,"MDM2","ACH-000680","SW948",6.362884
"75",769617,0.837362,"MDM2","ACH-000196","HCC1599",5.165578
"76",793117,0.7765795,"MDM2","ACH-000857","CAL851",5.99082
"77",802517,0.6694102,"MDM2","ACH-000566","SW1710",5.9034
"78",811917,0.7369601,"MDM2","ACH-000830","NCIH1436",4.666428
"79",818967,0.8026343,"MDM2","ACH-000360","NCIH508",6.073402
"80",826017,0.6835207,"MDM2","ACH-000072","MEG01",3.706494
"81",828367,0.7824762,"MDM2","ACH-000002","HL60",3.685447
"82",849517,0.85624343,"MDM2","ACH-000369","MOLM16",4.599908
"83",854217,0.79947984,"MDM2","ACH-000091","OV56",4.915211
"84",861267,0.87905174,"MDM2","ACH-000981","DND41",3.897974
"85",877717,0.8674918,"MDM2","ACH-000372","P12ICHIKAWA",3.264133
"86",887117,0.73811376,"MDM2","ACH-000828","ZR7530",5.809296
"87",896517,0.62050605,"MDM2","ACH-000806","L540",1.110688
"88",905917,0.6972023,"MDM2","ACH-000825","HOP92",5.825326
"89",910617,0.8114318,"MDM2","ACH-000759","MDAMB175VII",4.140447
"90",912967,0.37330925,"MDM2","ACH-000465","SKMEL1",5.224461
"91",915317,0.7427366,"MDM2","ACH-001321","TT",5.507001
"92",915317,0.7427366,"MDM2","ACH-001321","TT",4.719879
"93",931767,0.6012981,"MDM2","ACH-000745","MOLP8",1.410759
"94",934117,0.80179775,"MDM2","ACH-000708","SNU283",4.836516
"95",936467,0.44442126,"MDM2","ACH-000429","A704",4.260622
"96",945867,0.50915813,"MDM2","ACH-000050","NCIH929",0.89509
"97",948217,0.72246337,"MDM2","ACH-000613","HOS",4.80698
"98",957617,0.7156136,"MDM2","ACH-000755","HCC2218",5.003994
"99",959967,0.8499589,"MDM2","ACH-000006","MONOMAC6",4.336738
"100",964667,0.6038281,"MDM2","ACH-000572","G361",4.429929
"101",976417,0.57909256,"MDM2","ACH-000358","NCIH69",6.271153
"102",985817,0.62724054,"MDM2","ACH-000955","SNU407",2.071031
"103",992867,0.624583,"MDM2","ACH-000875","NCIH2347",7.336531
"104",997567,0.59754086,"MDM2","ACH-000440","CA46",4.983386
"105",1011667,0.728119,"MDM2","ACH-000852","NCIH1435",4.964646
"106",1016367,0.62059987,"MDM2","ACH-000056","DOHH2",-0.387776
"107",1018717,0.94786143,"MDM2","ACH-000351","MKN1",6.094573
"108",1023417,0.8203333,"MDM2","ACH-000678","MKN7",6.739841
"109",1049267,0.8766137,"MDM2","ACH-000883","SW1783",6.22747
"110",1051617,0.66129845,"MDM2","ACH-000073","GRANTA519",2.153097
"111",1056317,0.6456461,"MDM2","ACH-000400","SKCO1",1.346782
"112",1061017,0.7593979,"MDM2","ACH-000107","CAPAN2",7.346377
"113",1093917,0.8183309,"MDM2","ACH-000451","NCIH2085",5.496095
"114",1103317,0.5073433,"MDM2","ACH-000772","TE441T",0.854535
"115",1126817,0.52024305,"MDM2","ACH-000457","CAL54",1.003625
"116",1138567,0.7947774,"MDM2","ACH-000157","A4FUK",4.003892
"117",1147967,0.44133344,"MDM2","ACH-000752","NCIH196",5.180775
"118",1159717,0.7869522,"MDM2","ACH-000058","ML1",5.963299
"119",1164417,0.48514307,"MDM2","ACH-000812","COLO783",5.049757
"120",1173817,0.7548044,"MDM2","ACH-000534","WSUDLCL2",3.295898
"121",1183217,0.6477038,"MDM2","ACH-000568","UACC812",3.152664
"122",1187917,0.8020402,"MDM2","ACH-000392","CALU3",6.076981
"123",1211417,0.58139527,"MDM2","ACH-000615","SKMEL28",5.713057
"124",1220817,0.8375251,"MDM2","ACH-000218","PL21",2.923368
"125",1232567,0.89340454,"MDM2","ACH-000574","FUOV1",6.015536
"126",1237267,0.8845673,"MDM2","ACH-000675","NCIH1734",4.34118
"127",1239617,0.87812304,"MDM2","ACH-000586","NCIH1876",5.020345
"128",1241967,0.74075484,"MDM2","ACH-000617","OVCAR4",5.628286
"129",1246667,0.6596706,"MDM2","ACH-000555","A498",3.954903
"130",1258417,0.8075705,"MDM2","ACH-000386","KG1",4.300503
"131",1260767,0.778912,"MDM2","ACH-000506","NCIH146",4.408538
"132",1263117,0.7149067,"MDM2","ACH-000628","NCIH596",6.391454
"133",1267817,0.67855793,"MDM2","ACH-000987","MEWO",6.502267
"134",1270167,0.562166,"MDM2","ACH-000449","MESSA",2.041389
"135",1272517,0.656739,"MDM2","ACH-000814","HS939T",2.626971
"136",1277217,0.7622205,"MDM2","ACH-000650","IGR37",5.5978
"137",1279567,0.85712796,"MDM2","ACH-000536","BT20",5.267914
"138",1284267,0.6711122,"MDM2","ACH-000112","SIGM5",3.348716
"139",1293667,0.60748976,"MDM2","ACH-000156","MHHCALL4",0.810161
"140",1307767,0.77487093,"MDM2","ACH-000062","RERFLCMS",3.418652
"141",1317167,0.6451571,"MDM2","ACH-000059","SUPB15",-0.51261
"142",1321867,0.74947447,"MDM2","ACH-000643","HDQP1",6.002282
"143",1326567,0.59670424,"MDM2","ACH-000136","CHP126",0.306392
"144",1338317,0.8259153,"MDM2","ACH-000816","NCIH524",3.416155
"145",1343017,0.7715125,"MDM2","ACH-000447","NCIH2228",6.051779
"146",1357117,0.6321734,"MDM2","ACH-000625","HEP3B217",3.829437
"147",1364167,0.79895717,"MDM2","ACH-000893","NCIH1651",5.297997
"148",1368867,0.812825,"MDM2","ACH-000927","BT474",6.487908
"149",1371217,0.8149415,"MDM2","ACH-000287","NUDUL1",2.668739
"150",1373567,0.60220766,"MDM2","ACH-000902","CAL148",0.982088
"151",1390017,0.71121013,"MDM2","ACH-000270","HPAC",7.215687
"152",1392367,0.7268454,"MDM2","ACH-000081","GDM1",0.37348
"153",1394717,0.6135019,"MDM2","ACH-000998","CW2",2.489004
"154",1397067,0.86169785,"MDM2","ACH-000105","ALLSIL",4.02208
"155",1406467,0.80937296,"MDM2","ACH-000803","COLO668",5.657778
"156",1408817,0.75333554,"MDM2","ACH-000254","SCC15",5.702445
"157",1420567,0.8074358,"MDM2","ACH-000357","JEKO1",3.772562
"158",1422917,0.55897844,"MDM2","ACH-000815","KMH2",2.248137
"159",1422917,0.55897844,"MDM2","ACH-000815","KMH2",4.151215
"160",1432317,0.6431891,"MDM2","ACH-001638","RCK8",1.047582
"161",1434667,0.8012768,"MDM2","ACH-001680","U698M",3.068154
"162",1437017,0.5871507,"MDM2","ACH-001704","VMRCMELG",1.933182
"163",1458167,0.78079075,"MDM2","ACH-001350","HTCC3",5.684334
"164",1462867,0.7101755,"MDM2","ACH-001519","HEMCSS",4.363129
"165",1472267,0.833049,"MDM2","ACH-003071","NCIH748",4.722665
"166",1484017,0.70069355,"MDM2","ACH-002290","NKM1",-0.207585
"167",1488717,0.8611241,"MDM2","ACH-002170","NCIH1688",4.116583
"168",1491067,0.7106417,"MDM2","ACH-001064","EB2",4.201478
"169",1516917,0.74886084,"MDM2","ACH-001617","OCILY7",-0.584051
"170",1533367,0.60530066,"MDM2","ACH-001703","VAL",0.73543
"171",1549817,0.7574949,"MDM2","ACH-001373","OV17R",4.210114
"172",1570967,0.8451753,"MDM2","ACH-001489","CORL32",4.729609
"173",1620317,0.6189346,"MDM2","ACH-001716","GOTO",1.813338
"174",1648517,0.76558167,"MDM2","ACH-001384","RO82W1",7.167571
